id,request,Candidate:id,Candidate,Candidate_id,Election_Status,Status_of_Candidate_id,Status_of_Candidate,Specific_Party:id,Specific_Party,General_Party:id,General_Party,Election_Jurisdiction,Office_Sought:id,Incumbency_Status,#_of_Records,Total_$,real_state,percent
6,dt=1&y=2018&c-exi=1&c-t-id=223821,223821,"CUOMO, ANDREW M",6466806,Won-Primary,1,Won,33,DEMOCRATIC,1,Democratic,NY,10483,Incumbent,383,35720752.63,4514516.63,12.63835809
1506,dt=1&y=2018&c-exi=1&c-t-id=256568,256568,"SCOTT, PHIL",45364661,Pending-General,4,Pending,139,REPUBLICAN,2,Republican,VT,9227,Incumbent,,296906,31150,10.49153604
104,dt=1&y=2018&c-exi=1&c-t-id=223839,223839,"IVEY, KAY ELLEN",6583997,Pending-General,4,Pending,139,REPUBLICAN,2,Republican,AL,9185,Incumbent,1271,4540486.66,458500,10.0980365
1260,dt=1&y=2018&c-exi=1&c-t-id=230338,230338,"SUNUNU, CHRISTOPHER (CHRIS)",13010188,Pending-General,4,Pending,139,REPUBLICAN,2,Republican,NH,9292,Incumbent,333,407170,41100,10.0940639
263,dt=1&y=2018&c-exi=1&c-t-id=224038,224038,"HANABUSA, COLLEEN",44000964,Lost-Primary,2,Lost,33,DEMOCRATIC,1,Democratic,HI,12579,Challenger,1721,2142622.95,179145,8.361013775
158,dt=1&y=2018&c-exi=1&c-t-id=224413,224413,"DUCEY, DOUGLAS A",6690747,Won-Primary,1,Won,139,REPUBLICAN,2,Republican,AZ,9203,Incumbent,2428,3303686.04,254113.7,7.691823524
12418,dt=1&y=2018&c-exi=1&c-t-id=256279,256279,"TREADWELL, LOUIS MEAD (MEAD)",193251,Lost-Primary,2,Lost,139,REPUBLICAN,2,Republican,AK,12577,Open,37,-7225,-500,6.920415225
43,dt=1&y=2018&c-exi=1&c-t-id=223742,223742,"VILLARAIGOSA, ANTONIO",6451725,Lost-Top Two Primary,2,Lost,33,DEMOCRATIC,1,Democratic,CA,9169,Open,2927,9581687.79,648249,6.765499088
533,dt=1&y=2018&c-exi=1&c-t-id=223838,223838,"HIGHTOWER, BILL",44000808,Lost-Primary,2,Lost,139,REPUBLICAN,2,Republican,AL,9185,Challenger,630,1170752.66,73000,6.235305073
5979,dt=1&y=2018&c-exi=1&c-t-id=224318,224318,"FREDETTE, KENNETH WADE",6628906,Lost-Primary,2,Lost,139,REPUBLICAN,2,Republican,ME,9284,Open,83,27642,1500,5.426524853
207,dt=1&y=2018&c-exi=1&c-t-id=224346,224346,"SISOLAK, STEVE",44001234,Pending-General,4,Pending,33,DEMOCRATIC,1,Democratic,NV,9293,Open,622,2580996.95,128413.68,4.975351869
30,dt=1&y=2018&c-exi=1&c-t-id=223743,223743,"CHIANG, JOHN",433187,Lost-Top Two Primary,2,Lost,33,DEMOCRATIC,1,Democratic,CA,9169,Open,11363,13570341.83,638841.09,4.707627103
549,dt=1&y=2018&c-exi=1&c-t-id=241189,241189,"MOLINARO, MARCUS (MARC)",44858188,Pending-General,4,Pending,139,REPUBLICAN,2,Republican,NY,10483,Open,1393,1138575.23,52900,4.646157637
90,dt=1&y=2018&c-exi=1&c-t-id=224214,224214,"BUEHLER, KNUTE",28760298,Won-Primary,1,Won,139,REPUBLICAN,2,Republican,OR,9211,Open,7367,5537744.72,248789.52,4.492614459
3647,dt=1&y=2018&c-exi=1&c-t-id=223808,223808,"WHITE, ROBERT WILLIAM",44000561,Lost-Primary,2,Lost,139,REPUBLICAN,2,Republican,FL,9420,Open,332,70675.18,3100,4.386264032
251,dt=1&y=2018&c-exi=1&c-t-id=224036,224036,"IGE, DAVID",6401125,Pending-General,4,Pending,33,DEMOCRATIC,1,Democratic,HI,12579,Incumbent,2160,2201837.17,96400,4.378162078
424,dt=1&y=2018&c-exi=1&c-t-id=223767,223767,"ALLEN, TRAVIS",44000529,Lost-Top Two Primary,2,Lost,139,REPUBLICAN,2,Republican,CA,9169,Open,6216,1441595.82,58759.76,4.076021808
2554,dt=1&y=2018&c-exi=1&c-t-id=224140,224140,"JONES, GARY A",44001048,Lost-Primary,2,Lost,139,REPUBLICAN,2,Republican,OK,9256,Open,280,126930.48,4950,3.899772537
1122,dt=1&y=2018&c-exi=1&c-t-id=224522,224522,"MCGILL, JOHN (YANCEY)",6388511,Lost-Primary,2,Lost,139,REPUBLICAN,2,Republican,SC,9132,Challenger,512,492480.56,18535,3.763600334
4,dt=1&y=2018&c-exi=1&c-t-id=223744,223744,"NEWSOM, GAVIN",312332,Pending-General,4,Pending,33,DEMOCRATIC,1,Democratic,CA,9169,Open,35624,41580247.55,1534491,3.690432574
2695,dt=1&y=2018&c-exi=1&c-t-id=224175,224175,"MARCHAND, STEVE",9734287,Lost-Primary,2,Lost,33,DEMOCRATIC,1,Democratic,NH,9292,Open,1159,115732.42,4237,3.661031196
44,dt=1&y=2018&c-exi=1&c-t-id=223805,223805,"PUTNAM, ADAM H",12998792,Lost-Primary,2,Lost,139,REPUBLICAN,2,Republican,FL,9420,Open,23343,9489316.28,331449.75,3.492872829
13,dt=1&y=2018&c-exi=1&c-t-id=224207,224207,"WALKER, SCOTT K",4656950,Won-Primary,1,Won,139,REPUBLICAN,2,Republican,WI,12584,Incumbent,142361,22883549.08,785078.14,3.430753408
946,dt=1&y=2018&c-exi=1&c-t-id=224187,224187,"FLYNN, MATT",15164802,Lost-Primary,2,Lost,33,DEMOCRATIC,1,Democratic,WI,12584,Open,1265,628880.9,21525,3.42274666
8282,dt=1&y=2018&c-exi=1&c-t-id=264042,264042,"CHADBOURNE, AARON D",45602106,Pending-General,4,Pending,177,WRITEIN,3,Third-Party,ME,9284,Open,86,11270,375,3.327417924
3,dt=1&y=2018&c-exi=1&c-t-id=224562,224562,"ABBOTT, GREG",11281947,Pending-General,4,Pending,139,REPUBLICAN,2,Republican,TX,9249,Incumbent,130553,65780993.53,2126470.64,3.232652056
108,dt=1&y=2018&c-exi=1&c-t-id=224356,224356,"RAIMONDO, GINA M",6509536,Pending-General,4,Pending,33,DEMOCRATIC,1,Democratic,RI,9327,Incumbent,9057,4407522.64,140821.43,3.195024541
154,dt=1&y=2018&c-exi=1&c-t-id=224138,224138,"CORNETT, MICK",44001046,Lost-Primary Runoff,2,Lost,139,REPUBLICAN,2,Republican,OK,9256,Open,3767,3376860.57,106182,3.144399889
12,dt=1&y=2018&c-exi=1&c-t-id=224259,224259,"WOLF, THOMAS W (TOM)",5023799,Won-Primary,1,Won,33,DEMOCRATIC,1,Democratic,PA,9262,Incumbent,15746,23102691.03,708042.66,3.064762711
35,dt=1&y=2018&c-exi=1&c-t-id=223759,223759,"COX, JOHN H",44000521,Pending-General,4,Pending,139,REPUBLICAN,2,Republican,CA,9169,Open,11090,11956840.23,347724,2.908159625
136,dt=1&y=2018&c-exi=1&c-t-id=224524,224524,"TEMPLETON, CATHERINE BRAWLEY",41608045,Lost-Primary,2,Lost,139,REPUBLICAN,2,Republican,SC,9132,Challenger,4361,3712922.69,107144.89,2.885729086
119,dt=1&y=2018&c-exi=1&c-t-id=230357,230357,"LAXALT, ADAM",23597412,Pending-General,4,Pending,139,REPUBLICAN,2,Republican,NV,9293,Open,2802,4149469.19,115000,2.771438821
142,dt=1&y=2018&c-exi=1&c-t-id=224392,224392,"HUTCHINSON, ASA",3938800,Pending-General,4,Pending,139,REPUBLICAN,2,Republican,AR,9192,Incumbent,2950,3627007.84,94950,2.617860346
5025,dt=1&y=2018&c-exi=1&c-t-id=224039,224039,"CARROLL, JOHN",44000965,Lost-Primary,2,Lost,139,REPUBLICAN,2,Republican,HI,12579,Open,71,39948.92,1000,2.503196582
567,dt=1&y=2018&c-exi=1&c-t-id=224223,224223,"LABRADOR, RAUL",44001115,Lost-Primary,2,Lost,139,REPUBLICAN,2,Republican,ID,9168,Open,2089,1107958.83,27350,2.468503275
128,dt=1&y=2018&c-exi=1&c-t-id=251449,251449,"CALLEY, BRIAN NELSON",134675,Lost-Primary,2,Lost,139,REPUBLICAN,2,Republican,MI,9149,Open,4285,3886006.59,93950,2.417649014
818,dt=1&y=2018&c-exi=1&c-t-id=223833,223833,"COBB, SUE BELL",14086840,Lost-Primary,2,Lost,33,DEMOCRATIC,1,Democratic,AL,9185,Open,1077,770210.66,18500,2.401940269
86,dt=1&y=2018&c-exi=1&c-t-id=224523,224523,"MCMASTER, HENRY D",6602459,Won-Primary Runoff,1,Won,139,REPUBLICAN,2,Republican,SC,9132,Incumbent,5067,5667557.86,133965,2.363716495
162,dt=1&y=2018&c-exi=1&c-t-id=223902,223902,"HILL, HUNTER BRADLEY",44000841,Lost-Primary,2,Lost,139,REPUBLICAN,2,Republican,GA,9128,Open,2633,3234750.54,73850,2.283019945
209,dt=1&y=2018&c-exi=1&c-t-id=223831,223831,"BATTLE, TOMMY",7124514,Lost-Primary,2,Lost,139,REPUBLICAN,2,Republican,AL,9185,Challenger,2006,2551766.08,55450,2.173004823
36,dt=1&y=2018&c-exi=1&c-t-id=223900,223900,"CAGLE, L S (CASEY)",6573097,Lost-Primary Runoff,2,Lost,139,REPUBLICAN,2,Republican,GA,9128,Open,6492,11857921.35,246323.51,2.077290806
876,dt=1&y=2018&c-exi=1&c-t-id=262292,262292,"GANIM, JOSEPH",45399926,Lost-Primary,2,Lost,33,DEMOCRATIC,1,Democratic,CT,9141,Open,1088,700597.22,14200,2.026842185
1494,dt=1&y=2018&c-exi=1&c-t-id=224040,224040,"TUPOLA, ANDRIA",44000966,Pending-General,4,Pending,139,REPUBLICAN,2,Republican,HI,12579,Challenger,461,300706.08,6000,1.995303853
523,dt=1&y=2018&c-exi=1&c-t-id=224262,224262,"ELLSWORTH, LAURA",44001146,Lost-Primary,2,Lost,139,REPUBLICAN,2,Republican,PA,9262,Open,650,1191061.46,23000,1.931050645
1208,dt=1&y=2018&c-exi=1&c-t-id=224323,224323,"MAYHEW, MARY C",9955453,Lost-Primary,2,Lost,139,REPUBLICAN,2,Republican,ME,9284,Open,1087,435307.92,7900,1.814807321
572,dt=1&y=2018&c-exi=1&c-t-id=224313,224313,"COTE, ADAM ROLAND",44001222,Lost-Primary,2,Lost,33,DEMOCRATIC,1,Democratic,ME,9284,Open,3304,1097560.27,19750,1.799445601
1462,dt=1&y=2018&c-exi=1&c-t-id=264033,264033,"DUNLEAVY, MICHAEL J (MIKE)",9399128,Pending-General,4,Pending,139,REPUBLICAN,2,Republican,AK,12577,Challenger,1455,311330.05,5600,1.798734173
1180,dt=1&y=2018&c-exi=1&c-t-id=224411,224411,"FARLEY, STEVE",44001336,Lost-Primary,2,Lost,33,DEMOCRATIC,1,Democratic,AZ,9203,Open,3691,453701.35,7575,1.669600498
527,dt=1&y=2018&c-exi=1&c-t-id=223892,223892,"LYNNE, DONNA",6030675,Lost-Primary,2,Lost,33,DEMOCRATIC,1,Democratic,CO,9229,Open,2800,1178054.61,19545,1.659091169
1063,dt=1&y=2018&c-exi=1&c-t-id=224401,224401,"WALKER, WILLIAM M (BILL)",6692459,Pending-General,4,Pending,62,INDEPENDENT,3,Third-Party,AK,12577,Incumbent,2778,538447.75,8820,1.638041946
1835,dt=1&y=2018&c-exi=1&c-t-id=224208,224208,"VINEHOUT, KATHLEEN",2697884,Lost-Primary,2,Lost,33,DEMOCRATIC,1,Democratic,WI,12584,Open,2580,214528.42,3430,1.59885576
6223,dt=1&y=2018&c-exi=1&c-t-id=262295,262295,"BOUGHTON, MARK",45399929,Lost-Primary,2,Lost,139,REPUBLICAN,2,Republican,CT,9141,Open,279,25070,400,1.595532509
1750,dt=1&y=2018&c-exi=1&c-t-id=234483,234483,"SHARPE, LARRY",44426756,Pending-General,4,Pending,73,LIBERTARIAN,3,Third-Party,NY,10483,Open,294,235033.98,3500,1.489146378
893,dt=1&y=2018&c-exi=1&c-t-id=224351,224351,"SCHWARTZ, DANIEL (DAN)",15842359,Lost-Primary,2,Lost,139,REPUBLICAN,2,Republican,NV,9293,Open,67,681348.12,10000,1.467678519
2758,dt=1&y=2018&c-exi=1&c-t-id=262296,262296,"HERBST, TIMOTHY",45399930,Lost-Primary,2,Lost,139,REPUBLICAN,2,Republican,CT,9141,Open,1286,110896.8,1625,1.465326321
166,dt=1&y=2018&c-exi=1&c-t-id=223905,223905,"TIPPINS, CLAY",14053231,Lost-Primary,2,Lost,139,REPUBLICAN,2,Republican,GA,9128,Open,1097,3169720.81,45250,1.427570525
32,dt=1&y=2018&c-exi=1&c-t-id=224260,224260,"WAGNER, SCOTT R",4680529,Won-Primary,1,Won,139,REPUBLICAN,2,Republican,PA,9262,Open,3882,12969709.38,181066.65,1.396073302
761,dt=1&y=2018&c-exi=1&c-t-id=224344,224344,"GIUNCHIGLIANI, CHRISTINA (CHRIS)",44001232,Lost-Primary,2,Lost,33,DEMOCRATIC,1,Democratic,NV,9293,Open,1346,832489.29,11127,1.336593772
248,dt=1&y=2018&c-exi=1&c-t-id=223889,223889,"KENNEDY, CARY",6079346,Lost-Primary,2,Lost,33,DEMOCRATIC,1,Democratic,CO,9229,Open,13592,2229877.39,29794,1.336127275
72,dt=1&y=2018&c-exi=1&c-t-id=224212,224212,"BROWN, KATE",5314318,Won-Primary,1,Won,33,DEMOCRATIC,1,Democratic,OR,9211,Incumbent,9755,6882201.31,90281.2,1.311807021
59,dt=1&y=2018&c-exi=1&c-t-id=223796,223796,"GRAHAM, GWEN",25004777,Lost-Primary,2,Lost,33,DEMOCRATIC,1,Democratic,FL,9420,Open,48495,7826409.71,102077.02,1.304263689
1985,dt=1&y=2018&c-exi=1&c-t-id=233878,233878,"SOGLIN, PAUL R",44283521,Lost-Primary,2,Lost,33,DEMOCRATIC,1,Democratic,WI,12584,Open,358,191778,2500,1.30359061
279,dt=1&y=2018&c-exi=1&c-t-id=224145,224145,"EDMONDSON, WILLIAM ANDREW (DREW)",6387168,Won-Primary,1,Won,33,DEMOCRATIC,1,Democratic,OK,9256,Open,6434,2056148.62,25626.39,1.246329655
214,dt=1&y=2018&c-exi=1&c-t-id=223888,223888,"JOHNSTON, MICHAEL (MIKE)",6499391,Lost-Primary,2,Lost,33,DEMOCRATIC,1,Democratic,CO,9229,Open,11009,2497593.91,30425,1.218172413
89,dt=1&y=2018&c-exi=1&c-t-id=224543,224543,"DEAN, KARL",44001414,Pending-General,4,Pending,33,DEMOCRATIC,1,Democratic,TN,9325,Open,6560,5584735.64,68008,1.217747883
562,dt=1&y=2018&c-exi=1&c-t-id=224544,224544,"FITZHUGH, CRAIG",6402568,Lost-Primary,2,Lost,33,DEMOCRATIC,1,Democratic,TN,9325,Open,548,1121786.47,13500,1.203437585
2094,dt=1&y=2018&c-exi=1&c-t-id=256276,256276,"BEGICH, MARK",45364241,Pending-General,4,Pending,33,DEMOCRATIC,1,Democratic,AK,12577,Challenger,929,174619.48,2034.38,1.165036112
120,dt=1&y=2018&c-exi=1&c-t-id=232832,232832,"WARREN JR, JOHN S",35935559,Lost-Primary Runoff,2,Lost,139,REPUBLICAN,2,Republican,SC,9132,Challenger,1300,4102578.35,46150.23,1.12490795
752,dt=1&y=2018&c-exi=1&c-t-id=224198,224198,"GRONIK, DAVID S (ANDY)",42128326,Lost-Primary,2,Lost,33,DEMOCRATIC,1,Democratic,WI,12584,Open,1812,841151.09,8467.89,1.006702613
606,dt=1&y=2018&c-exi=1&c-t-id=243350,243350,"MOODY, SHAWN H",12996777,Pending-General,4,Pending,139,REPUBLICAN,2,Republican,ME,9284,Open,1250,1040346.79,10450,1.004472749
253,dt=1&y=2018&c-exi=1&c-t-id=224224,224224,"LITTLE, BRAD",44001116,Pending-General,4,Pending,139,REPUBLICAN,2,Republican,ID,9168,Open,4568,2193152.73,21955,1.001070272
2245,dt=1&y=2018&c-exi=1&c-t-id=234480,234480,"HALLQUIST, CHRISTINE DAVID",44426753,Pending-General,4,Pending,33,DEMOCRATIC,1,Democratic,VT,9227,Challenger,304,155810.53,1500,0.9627077194
80,dt=1&y=2018&c-exi=1&c-t-id=223899,223899,"ABRAMS, STACEY YVONNE",6904864,Pending-General,4,Pending,33,DEMOCRATIC,1,Democratic,GA,9128,Open,13150,6089768.65,56960.68,0.9353504751
1428,dt=1&y=2018&c-exi=1&c-t-id=224139,224139,"FISHER, DAN",11029750,Lost-Primary,2,Lost,139,REPUBLICAN,2,Republican,OK,9256,Open,2519,326170.81,3025,0.9274281779
783,dt=1&y=2018&c-exi=1&c-t-id=223896,223896,"ROBINSON, DOUG",44000835,Lost-Primary,2,Lost,139,REPUBLICAN,2,Republican,CO,9229,Open,1168,805322.36,7300,0.906469305
431,dt=1&y=2018&c-exi=1&c-t-id=224520,224520,"SMITH JR, JAMES E",6378071,Won-Primary,1,Won,33,DEMOCRATIC,1,Democratic,SC,9132,Open,9285,1424569,12700,0.8914977091
97,dt=1&y=2018&c-exi=1&c-t-id=223903,223903,"KEMP, BRIAN P",44000842,Pending-General,4,Pending,139,REPUBLICAN,2,Republican,GA,9128,Open,5863,5187877.54,39658,0.7644359315
595,dt=1&y=2018&c-exi=1&c-t-id=224324,224324,"MILLS, JANET T",9941379,Pending-General,4,Pending,33,DEMOCRATIC,1,Democratic,ME,9284,Open,3819,1059282.61,8075,0.7623083702
132,dt=1&y=2018&c-exi=1&c-t-id=224141,224141,"LAMB, TODD",8947480,Lost-Primary,2,Lost,139,REPUBLICAN,2,Republican,OK,9256,Open,2957,3737042.88,27875,0.7459106276
69,dt=1&y=2018&c-exi=1&c-t-id=224143,224143,"STITT, KEVIN",42743373,Won-Primary Runoff,1,Won,139,REPUBLICAN,2,Republican,OK,9256,Open,3241,7121088.92,48025,0.6744052846
1041,dt=1&y=2018&c-exi=1&c-t-id=224462,224462,"COLBECK, PATRICK",44001359,Lost-Primary,2,Lost,139,REPUBLICAN,2,Republican,MI,9149,Open,3279,552770.71,3717,0.6724307082
53,dt=1&y=2018&c-exi=1&c-t-id=224554,224554,"LEE, BILL",43992255,Pending-General,4,Pending,139,REPUBLICAN,2,Republican,TN,9325,Open,1925,8537597.7,56950,0.6670494676
147,dt=1&y=2018&c-exi=1&c-t-id=223901,223901,"EVANS, STACEY GODFREY",6505514,Lost-Primary,2,Lost,33,DEMOCRATIC,1,Democratic,GA,9128,Open,4669,3511508.59,23175,0.6599727555
106,dt=1&y=2018&c-exi=1&c-t-id=224225,224225,"AHLQUIST, JOHN THOMAS (TOMMY)",18799405,Lost-Primary,2,Lost,139,REPUBLICAN,2,Republican,ID,9168,Open,1002,4510180.78,28500,0.6319037172
571,dt=1&y=2018&c-exi=1&c-t-id=223739,223739,"EASTIN, DELAINE",131719,Lost-Top Two Primary,2,Lost,33,DEMOCRATIC,1,Democratic,CA,9169,Open,4463,1098894.11,6092,0.5543755258
198,dt=1&y=2018&c-exi=1&c-t-id=241188,241188,"NIXON, CYNTHIA",44858187,Pending-General,4,Pending,176,WORKING FAMILIES,3,Third-Party,NY,10483,Open,42774,2746162.64,14670.87,0.5342316506
443,dt=1&y=2018&c-exi=1&c-t-id=224179,224179,"APODACA, JEFF",18665718,Lost-Primary,2,Lost,33,DEMOCRATIC,1,Democratic,NM,12581,Open,2485,1371433.15,7055,0.5144253659
455,dt=1&y=2018&c-exi=1&c-t-id=224180,224180,"CERVANTES, JOSEPH",6382885,Lost-Primary,2,Lost,33,DEMOCRATIC,1,Democratic,NM,12581,Open,373,1351735.76,6600,0.4882611081
11,dt=1&y=2018&c-exi=1&c-t-id=224557,224557,"BOYD, RANDY",43992256,Lost-Primary,2,Lost,139,REPUBLICAN,2,Republican,TN,9325,Open,3152,24672267.4,119450,0.4841468279
620,dt=1&y=2018&c-exi=1&c-t-id=230287,230287,"ROYS, KELDA HELEN",2945642,Lost-Primary,2,Lost,33,DEMOCRATIC,1,Democratic,WI,12584,Open,3438,1028276,4870,0.473608253
1581,dt=1&y=2018&c-exi=1&c-t-id=237513,237513,"HENDERSON, JARED K",13489041,Pending-General,4,Pending,33,DEMOCRATIC,1,Democratic,AR,9192,Challenger,500,272013.17,1250,0.4595365732
2742,dt=1&y=2018&c-exi=1&c-t-id=238542,238542,"RENTERIA, AMANDA",44493800,Lost-Top Two Primary,2,Lost,33,DEMOCRATIC,1,Democratic,CA,9169,Open,151,112186.04,500,0.4456882514
93,dt=1&y=2018&c-exi=1&c-t-id=224546,224546,"HARWELL, BETH",6607445,Lost-Primary,2,Lost,139,REPUBLICAN,2,Republican,TN,9325,Open,1331,5474355.12,23400,0.4274476077
1720,dt=1&y=2018&c-exi=1&c-t-id=224405,224405,"HAWKINS, SCOTT",44001330,Lost-Primary,2,Lost,139,REPUBLICAN,2,Republican,AK,12577,Open,236,241558.5,1000,0.4139783945
2492,dt=1&y=2018&c-exi=1&c-t-id=224359,224359,"MORGAN, PATRICIA",44001250,Lost-Primary,2,Lost,139,REPUBLICAN,2,Republican,RI,9327,Open,378,130998,500,0.3816852166
212,dt=1&y=2018&c-exi=1&c-t-id=224190,224190,"EVERS, ANTHONY STEVEN",44001084,Won-Primary,1,Won,33,DEMOCRATIC,1,Democratic,WI,12584,Open,20533,2507923.34,9239.5,0.3684123774
1025,dt=1&y=2018&c-exi=1&c-t-id=224004,224004,"NORRIS, JOHN",42675101,Lost-Primary,2,Lost,33,DEMOCRATIC,1,Democratic,IA,19374,Open,2560,564154.12,2000,0.354513054
5875,dt=1&y=2018&c-exi=1&c-t-id=223804,223804,"NATHAN, BRUCE F",44000558,Lost-Primary,2,Lost,139,REPUBLICAN,2,Republican,FL,9420,Open,82,28893.88,100,0.3460940518
1496,dt=1&y=2018&c-exi=1&c-t-id=224412,224412,"GARCIA, DAVID",44001337,Won-Primary,1,Won,33,DEMOCRATIC,1,Democratic,AZ,9203,Open,4237,300171.94,1032.5,0.3439695263
493,dt=1&y=2018&c-exi=1&c-t-id=224142,224142,"RICHARDSON, GARY L",8757224,Lost-Primary,2,Lost,139,REPUBLICAN,2,Republican,OK,9256,Open,427,1253448.92,3400,0.27125158
7,dt=1&y=2018&c-exi=1&c-t-id=232772,232772,"LEVINE, PHILIP LOUIS",1616771,Lost-Primary,2,Lost,33,DEMOCRATIC,1,Democratic,FL,9420,Open,4827,31574780,83750,0.2652433366
55,dt=1&y=2018&c-exi=1&c-t-id=224261,224261,"MANGO, PAUL DAVID",49454,Lost-Primary,2,Lost,139,REPUBLICAN,2,Republican,PA,9262,Open,955,8470744.65,21000,0.2479120888
566,dt=1&y=2018&c-exi=1&c-t-id=230281,230281,"MITCHELL, MAHLON",15423823,Lost-Primary,2,Lost,33,DEMOCRATIC,1,Democratic,WI,12584,Open,3413,1110179.11,2700,0.2432039998
518,dt=1&y=2018&c-exi=1&c-t-id=223841,223841,"MADDOX, WALT",44000811,Pending-General,4,Pending,33,DEMOCRATIC,1,Democratic,AL,9185,Challenger,2154,1201712.02,2900,0.2413223761
1315,dt=1&y=2018&c-exi=1&c-t-id=224317,224317,"EVES, MARK WESTWOOD",6486186,Lost-Primary,2,Lost,33,DEMOCRATIC,1,Democratic,ME,9284,Open,2002,378536.3,875,0.2311535248
27,dt=1&y=2018&c-exi=1&c-t-id=224547,224547,"BLACK, DIANE LYNN",17657588,Lost-Primary,2,Lost,139,REPUBLICAN,2,Republican,TN,9325,Open,4067,15120932.4,33290,0.2201583812
1148,dt=1&y=2018&c-exi=1&c-t-id=229802,229802,"VALDEZ, LUPE",11910234,Pending-General,4,Pending,33,DEMOCRATIC,1,Democratic,TX,9249,Challenger,2273,475575.54,1000,0.2102715375
294,dt=1&y=2018&c-exi=1&c-t-id=224001,224001,"JACKLEY, MARTY J",8619003,Lost-Primary,2,Lost,139,REPUBLICAN,2,Republican,SD,19373,Open,1186,1958613.93,4000,0.2042260569
1457,dt=1&y=2018&c-exi=1&c-t-id=234495,234495,"WOOLDRIDGE, GREG C",44426768,Lost-Primary,2,Lost,139,REPUBLICAN,2,Republican,OR,9211,Open,170,313063.7,500,0.1597119053
3915,dt=1&y=2018&c-exi=1&c-t-id=223891,223891,"LOPEZ, GREG",6742495,Lost-Primary,2,Lost,139,REPUBLICAN,2,Republican,CO,9229,Open,283,63258.76,100,0.1580808729
63,dt=1&y=2018&c-exi=1&c-t-id=223798,223798,"KING, THOMAS CHRISTOPHER (CHRIS)",29304063,Lost-Primary,2,Lost,33,DEMOCRATIC,1,Democratic,FL,9420,Open,4788,7381657.22,11088.1,0.1502115266
3676,dt=1&y=2018&c-exi=1&c-t-id=224146,224146,"JOHNSON, CONSTANCE (CONNIE)",44001054,Lost-Primary,2,Lost,33,DEMOCRATIC,1,Democratic,OK,9256,Open,777,69694.24,100,0.1434838804
79,dt=1&y=2018&c-exi=1&c-t-id=224465,224465,"EL-SAYED, ADBULRAHMAN M (ADBUL)",44001362,Lost-Primary,2,Lost,33,DEMOCRATIC,1,Democratic,MI,9149,Open,44808,6124491.3,8777.92,0.1433248832
1075,dt=1&y=2018&c-exi=1&c-t-id=250140,250140,"JORDAN, PAULETTE E",10885499,Pending-General,4,Pending,33,DEMOCRATIC,1,Democratic,ID,9168,Open,2684,528124.81,500,0.09467459027
849,dt=1&y=2018&c-exi=1&c-t-id=224322,224322,"MASON, GARRETT PAUL",6683709,Lost-Primary,2,Lost,139,REPUBLICAN,2,Republican,ME,9284,Open,350,736649.26,600,0.08144988838
750,dt=1&y=2018&c-exi=1&c-t-id=224195,224195,"WACHS, DANA",2957836,Lost-Primary,2,Lost,33,DEMOCRATIC,1,Democratic,WI,12584,Open,2681,842118.99,610,0.07243631924
648,dt=1&y=2018&c-exi=1&c-t-id=224319,224319,"HAYES, TERRY",6454207,Pending-General,4,Pending,62,INDEPENDENT,3,Third-Party,ME,9284,Open,875,982758.5,700,0.07122807892
1501,dt=1&y=2018&c-exi=1&c-t-id=224192,224192,"MCCABE, MIKE",41645213,Lost-Primary,2,Lost,33,DEMOCRATIC,1,Democratic,WI,12584,Open,3546,299390.42,200,0.0668024047
1721,dt=1&y=2018&c-exi=1&c-t-id=224519,224519,"NOBLE JR, JAMES P",44001384,Lost-Primary,2,Lost,33,DEMOCRATIC,1,Democratic,SC,9132,Open,1107,241546.35,150,0.06209988269
939,dt=1&y=2018&c-exi=1&c-t-id=224003,224003,"MASSIE, ROBERT K",271838,Lost-Primary,2,Lost,33,DEMOCRATIC,1,Democratic,MA,10271,Open,2873,636575.66,360,0.05655258638
387,dt=1&y=2018&c-exi=1&c-t-id=223638,223638,"OBSITNIK, STEPHEN A (STEVE)",15759935,Lost-Primary,2,Lost,139,REPUBLICAN,2,Republican,CT,9141,Open,1238,1574014.8,740,0.04701353507
1068,dt=1&y=2018&c-exi=1&c-t-id=224312,224312,"CARON, ALAN",16167338,Pending-General,4,Pending,62,INDEPENDENT,3,Third-Party,ME,9284,Open,247,534698,250,0.04675536471
1197,dt=1&y=2018&c-exi=1&c-t-id=234488,234488,"CARPENTER, SAM",44211623,Lost-Primary,2,Lost,139,REPUBLICAN,2,Republican,OR,9211,Open,281,441946.15,200,0.04525438224
686,dt=1&y=2018&c-exi=1&c-t-id=224521,224521,"BRYANT, KEVIN L",6660581,Lost-Primary,2,Lost,139,REPUBLICAN,2,Republican,SC,9132,Challenger,529,934719.16,300,0.03209520173
789,dt=1&y=2018&c-exi=1&c-t-id=224326,224326,"SWEET, ELIZABETH ANN (BETSY)",44001228,Lost-Primary,2,Lost,33,DEMOCRATIC,1,Democratic,ME,9284,Open,1225,798483,200,0.02504749631
236,dt=1&y=2018&c-exi=1&c-t-id=223996,223996,"GLASSON, CATHY",28069858,Lost-Primary,2,Lost,33,DEMOCRATIC,1,Democratic,IA,19374,Open,5923,2292637.69,328.05,0.01430884616
101,dt=1&y=2018&c-exi=1&c-t-id=223893,223893,"MITCHELL, VICTOR S",6002465,Lost-Primary,2,Lost,139,REPUBLICAN,2,Republican,CO,9229,Open,880,5025380.65,610.54,0.01214912944
631,dt=1&y=2018&c-exi=1&c-t-id=223999,223999,"MCGUIRE, ANDREA H (ANDY)",6011761,Lost-Primary,2,Lost,33,DEMOCRATIC,1,Democratic,IA,19374,Open,1609,1011007.78,100,0.009891120719
33,dt=1&y=2018&c-exi=1&c-t-id=223642,223642,"STEMERMAN, DAVID I",7103796,Lost-Primary,2,Lost,139,REPUBLICAN,2,Republican,CT,9141,Open,381,12926635.34,700,0.005415175578
317,dt=1&y=2018&c-exi=1&c-t-id=223907,223907,"WILLIAMS, MICHAEL E",24360980,Lost-Primary,2,Lost,139,REPUBLICAN,2,Republican,GA,9128,Open,1973,1826055.35,70,0.003833399683
376,dt=1&y=2018&c-exi=1&c-t-id=223994,223994,"BOULTON, NATHANIEL R (NATE)",6124227,Lost-Primary,2,Lost,33,DEMOCRATIC,1,Democratic,IA,19374,Open,6689,1622285.21,25,0.001541036055